,Common name,Scientific name,2018 IUCN Red List category,2022 IUCN Red List category,AOU
110,Plain Chachalaca,Ortalis vetula,LC,LC,3110
152,Mountain Quail,Oreortyx pictus,LC,LC,2920
153,Northern Bobwhite,Colinus virginianus,NT,NT,2890
157,Scaled Quail,Callipepla squamata,LC,LC,2930
159,Gambel's Quail,Callipepla gambelii,LC,LC,2950
160,California Quail,Callipepla californica,LC,LC,2940
181,Montezuma Quail,Cyrtonyx montezumae,LC,LC,2960
217,Indian Peafowl,Pavo cristatus,LC,LC,3095
350,Wild Turkey,Meleagris gallopavo,LC,LC,3100
352,Ruffed Grouse,Bonasa umbellus,LC,LC,3000
356,Rock Ptarmigan,Lagopus muta,LC,LC,3020
357,White-tailed Ptarmigan,Lagopus leucura,LC,LC,3040
358,Dusky Grouse,Dendragapus obscurus,LC,LC,2970
359,Sooty Grouse,Dendragapus fuliginosus,LC,LC,2971
361,Spruce Grouse,Falcipennis canadensis,LC,LC,2980
369,Sharp-tailed Grouse,Tympanuchus phasianellus,LC,LC,3080
387,Ruddy Duck,Oxyura jamaicensis,LC,LC,1670
400,Mute Swan,Cygnus olor,LC,LC,1782
401,Trumpeter Swan,Cygnus buccinator,LC,LC,1810
403,Tundra Swan,Cygnus columbianus,LC,LC,1800
407,Cackling Goose,Branta hutchinsii,LC,LC,1725
408,Canada Goose,Branta canadensis,LC,LC,1720
410,Emperor Goose,Anser canagicus,NT,NT,1760
411,Snow Goose,Anser caerulescens,LC,LC,1690
412,Ross's Goose,Anser rossii,LC,LC,1700
420,Long-tailed Duck,Clangula hyemalis,VU,VU,1540
421,Spectacled Eider,Somateria fischeri,NT,NT,1580
422,King Eider,Somateria spectabilis,LC,LC,1620
423,Common Eider,Somateria mollissima,NT,NT,1590
424,Steller's Eider,Polysticta stelleri,VU,VU,1570
425,Surf Scoter,Melanitta perspicillata,LC,LC,1660
428,White-winged Scoter,Melanitta deglandi,LC,LC,1650
430,Black Scoter,Melanitta americana,NT,NT,1630
432,Common Goldeneye,Bucephala clangula,LC,LC,1510
433,Barrow's Goldeneye,Bucephala islandica,LC,LC,1520
435,Hooded Merganser,Lophodytes cucullatus,LC,LC,1310
438,Red-breasted Merganser,Mergus serrator,LC,LC,1300
441,Harlequin Duck,Histrionicus histrionicus,LC,LC,1550
450,Egyptian Goose,Alopochen aegyptiaca,LC,LC,20630
460,Muscovy Duck,Cairina moschata,LC,LC,10210
467,Wood Duck,Aix sponsa,LC,LC,1440
488,Ring-necked Duck,Aythya collaris,LC,LC,1500
489,Tufted Duck,Aythya fuligula,LC,LC,1491
490,Greater Scaup,Aythya marila,LC,LC,1480
491,Lesser Scaup,Aythya affinis,LC,LC,1490
508,Northern Shoveler,Spatula clypeata,LC,LC,1420
509,Cinnamon Teal,Spatula cyanoptera,LC,LC,1410
510,Blue-winged Teal,Spatula discors,LC,LC,1400
514,Eurasian Wigeon,Mareca penelope,LC,LC,1360
515,American Wigeon,Mareca americana,LC,LC,1370
527,Mottled Duck,Anas fulvigula,LC,LC,1340
541,Northern Pintail,Anas acuta,LC,LC,1430
552,Least Grebe,Tachybaptus dominicus,LC,LC,50
553,Pied-billed Grebe,Podilymbus podiceps,LC,LC,60
560,Red-necked Grebe,Podiceps grisegena,LC,LC,20
562,Horned Grebe,Podiceps auritus,VU,VU,30
569,Western Grebe,Aechmophorus occidentalis,LC,LC,10
570,Clark's Grebe,Aechmophorus clarkii,LC,LC,11
577,Red-billed Tropicbird,Phaethon aethereus,LC,LC,1130
660,White-crowned Pigeon,Patagioenas leucocephala,NT,NT,3140
672,Red-billed Pigeon,Patagioenas flavirostris,LC,LC,3130
690,White-tipped Dove,Leptotila verreauxi,LC,LC,3180
709,White-winged Dove,Zenaida asiatica,LC,LC,3190
714,Mourning Dove,Zenaida macroura,LC,LC,3160
716,Inca Dove,Columbina inca,LC,LC,3210
1002,Common Nighthawk,Chordeiles minor,LC,LC,4200
1003,Antillean Nighthawk,Chordeiles gundlachii,LC,LC,4201
1004,Lesser Nighthawk,Chordeiles acutipennis,LC,LC,4210
1036,Common Poorwill,Phalaenoptilus nuttallii,LC,LC,4180
1037,Eastern Whip-poor-will,Antrostomus vociferus,NT,NT,4171
1038,Mexican Whip-poor-will,Antrostomus arizonae,LC,LC,4172
1105,Black Swift,Cypseloides niger,VU,VU,4220
1131,Vaux's Swift,Chaetura vauxi,LC,LC,4240
1132,Chimney Swift,Chaetura pelagica,VU,VU,4230
1169,White-throated Swift,Aeronautes saxatalis,LC,LC,4250
1418,Broad-billed Hummingbird,Cynanthus latirostris,LC,LC,4410
1465,Buff-bellied Hummingbird,Amazilia yucatanensis,LC,LC,4390
1483,Violet-crowned Hummingbird,Amazilia violiceps,LC,LC,4391
1546,Lucifer Hummingbird,Calothorax lucifer,LC,LC,4370
1552,Anna's Hummingbird,Calypte anna,LC,LC,4310
1553,Costa's Hummingbird,Calypte costae,LC,LC,4300
1554,Black-chinned Hummingbird,Archilochus alexandri,LC,LC,4290
1555,Ruby-throated Hummingbird,Archilochus colubris,LC,LC,4280
1556,Broad-tailed Hummingbird,Selasphorus platycercus,LC,LC,4320
1557,Calliope Hummingbird,Selasphorus calliope,LC,LC,4360
1558,Rufous Hummingbird,Selasphorus rufus,NT,NT,4330
1559,Allen's Hummingbird,Selasphorus sasin,LC,LC,4340
1567,Smooth-billed Ani,Crotophaga ani,LC,LC,3830
1568,Groove-billed Ani,Crotophaga sulcirostris,LC,LC,3840
1575,Greater Roadrunner,Geococcyx californianus,LC,LC,3850
1648,Yellow-billed Cuckoo,Coccyzus americanus,LC,LC,3870
1650,Mangrove Cuckoo,Coccyzus minor,LC,LC,3860
1653,Black-billed Cuckoo,Coccyzus erythropthalmus,LC,LC,3880
1742,Yellow Rail,Coturnicops noveboracensis,LC,LC,2150
1752,Black Rail,Laterallus jamaicensis,NT,EN,2160
1759,Ridgway's Rail,Rallus obsoletus,NT,NT,2111
1760,King Rail,Rallus elegans,NT,NT,2080
1761,Clapper Rail,Rallus crepitans,LC,LC,2110
1763,Virginia Rail,Rallus limicola,LC,LC,2120
1854,Purple Swamphen,Porphyrio porphyrio,LC,LC,21930
1862,Purple Gallinule,Porphyrio martinicus,LC,LC,2180
1869,Common Gallinule,Gallinula galeata,LC,LC,2190
1880,American Coot,Fulica americana,LC,LC,2210
1905,Whooping Crane,Grus americana,EN,EN,2040
1959,Red-throated Loon,Gavia stellata,LC,LC,110
1960,Arctic Loon,Gavia arctica,LC,LC,90
1961,Pacific Loon,Gavia pacifica,LC,LC,100
1962,Common Loon,Gavia immer,LC,LC,70
1963,Yellow-billed Loon,Gavia adamsii,NT,NT,80
2033,Northern Fulmar,Fulmarus glacialis,LC,LC,860
2096,Cory's Shearwater,Calonectris borealis,LC,LC,880
2110,Manx Shearwater,Puffinus puffinus,LC,LC,900
2131,Wood Stork,Mycteria americana,LC,LC,1880
2149,Roseate Spoonbill,Platalea ajaja,LC,LC,1830
2178,White Ibis,Eudocimus albus,LC,LC,1840
2180,Glossy Ibis,Plegadis falcinellus,LC,LC,1860
2181,White-faced Ibis,Plegadis chihi,LC,LC,1870
2194,American Bittern,Botaurus lentiginosus,LC,LC,1900
2197,Least Bittern,Ixobrychus exilis,LC,LC,1910
2224,Cattle Egret,Bubulcus ibis,LC,LC,2001
2243,Reddish Egret,Egretta rufescens,NT,NT,1980
2246,Tricolored Heron,Egretta tricolor,LC,LC,1990
2248,Snowy Egret,Egretta thula,LC,LC,1970
2249,Little Egret,Egretta garzetta,LC,LC,1961
2260,Brown Pelican,Pelecanus occidentalis,LC,LC,1260
2266,Magnificent Frigatebird,Fregata magnificens,LC,LC,1280
2269,Northern Gannet,Morus bassanus,LC,LC,1170
2273,Brown Booby,Sula leucogaster,LC,LC,1150
2274,Blue-footed Booby,Sula nebouxii,LC,LC,1141
2276,Masked Booby,Sula dactylatra,LC,LC,1140
2294,Double-crested Cormorant,Nannopterum auritus,LC,LC,1200
2297,Brandt's Cormorant,Urile penicillatus,LC,LC,1220
2298,Pelagic Cormorant,Urile pelagicus,LC,LC,1230
2302,Great Cormorant,Phalacrocorax carbo,LC,LC,1190
2333,American Oystercatcher,Haematopus palliatus,LC,LC,2860
2344,American Avocet,Recurvirostra americana,LC,LC,2250
2359,Semipalmated Plover,Charadrius semipalmatus,LC,LC,2740
2362,Wilson's Plover,Charadrius wilsonia,LC,LC,2800
2364,Piping Plover,Charadrius melodus,NT,NT,2770
2374,Snowy Plover,Charadrius nivosus,NT,NT,2780
2387,Mountain Plover,Charadrius montanus,NT,NT,2810
2436,Upland Sandpiper,Bartramia longicauda,LC,LC,2610
2437,Bristle-thighed Curlew,Numenius tahitiensis,VU,NT,2680
2442,Long-billed Curlew,Numenius americanus,LC,LC,2640
2445,Bar-tailed Godwit,Limosa lapponica,NT,NT,2500
2446,Marbled Godwit,Limosa fedoa,LC,LC,2490
2447,Hudsonian Godwit,Limosa haemastica,LC,LC,2510
2449,Ruddy Turnstone,Arenaria interpres,LC,LC,2830
2450,Black Turnstone,Arenaria melanocephala,LC,LC,2840
2452,Red Knot,Calidris canutus,NT,NT,2340
2456,Sharp-tailed Sandpiper,Calidris acuminata,LC,VU,2380
2457,Stilt Sandpiper,Calidris himantopus,LC,LC,2330
2462,Red-necked Stint,Calidris ruficollis,NT,NT,2422
2465,Rock Sandpiper,Calidris ptilocnemis,LC,LC,2356
2466,Purple Sandpiper,Calidris maritima,LC,LC,2350
2467,Baird's Sandpiper,Calidris bairdii,LC,LC,2410
2469,Least Sandpiper,Calidris minutilla,LC,LC,2420
2470,White-rumped Sandpiper,Calidris fuscicollis,LC,LC,2400
2471,Buff-breasted Sandpiper,Calidris subruficollis,NT,NT,2620
2472,Pectoral Sandpiper,Calidris melanotos,LC,LC,2390
2473,Semipalmated Sandpiper,Calidris pusilla,NT,NT,2460
2474,Western Sandpiper,Calidris mauri,LC,LC,2470
2480,Short-billed Dowitcher,Limnodromus griseus,LC,LC,2310
2481,Long-billed Dowitcher,Limnodromus scolopaceus,LC,LC,2320
2489,American Woodcock,Scolopax minor,LC,LC,2280
2507,Wilson's Snipe,Gallinago delicata,LC,LC,2300
2513,Wilson's Phalarope,Steganopus tricolor,LC,LC,2240
2514,Red-necked Phalarope,Phalaropus lobatus,LC,LC,2230
2515,Red Phalarope,Phalaropus fulicarius,LC,LC,2220
2517,Common Sandpiper,Actitis hypoleucos,LC,LC,2631
2518,Spotted Sandpiper,Actitis macularius,LC,LC,2630
2520,Solitary Sandpiper,Tringa solitaria,LC,LC,2560
2522,Wandering Tattler,Tringa incana,LC,LC,2590
2524,Lesser Yellowlegs,Tringa flavipes,LC,LC,2550
2526,Common Greenshank,Tringa nebularia,LC,LC,2530
2527,Greater Yellowlegs,Tringa melanoleuca,LC,LC,2540
2575,Black Skimmer,Rynchops niger,LC,LC,800
2579,Little Gull,Hydrocoloeus minutus,LC,LC,601
2580,Ross's Gull,Rhodostethia rosea,LC,LC,610
2582,Sabine's Gull,Xema sabini,LC,LC,620
2585,Black-legged Kittiwake,Rissa tridactyla,VU,VU,400
2586,Bonaparte's Gull,Larus philadelphia,LC,LC,600
2589,Black-headed Gull,Larus ridibundus,LC,LC,551
2598,Franklin's Gull,Larus pipixcan,LC,LC,590
2599,Laughing Gull,Larus atricilla,LC,LC,580
2607,Heermann's Gull,Larus heermanni,NT,NT,570
2612,Ring-billed Gull,Larus delawarensis,LC,LC,540
2613,Mew Gull,Larus canus,LC,LC,550
2615,Western Gull,Larus occidentalis,LC,LC,490
2616,California Gull,Larus californicus,LC,LC,530
2624,Iceland Gull,Larus glaucoides,LC,LC,430
2625,Slaty-backed Gull,Larus schistisagus,LC,LC,480
2626,Glaucous-winged Gull,Larus glaucescens,LC,LC,440
2627,Glaucous Gull,Larus hyperboreus,LC,LC,420
2629,Aleutian Tern,Onychoprion aleuticus,VU,VU,730
2635,Least Tern,Sternula antillarum,LC,LC,740
2643,Caspian Tern,Hydroprogne caspia,LC,LC,640
2648,Black Tern,Chlidonias niger,LC,LC,770
2650,Roseate Tern,Sterna dougallii,LC,LC,720
2654,Common Tern,Sterna hirundo,LC,LC,700
2656,Arctic Tern,Sterna paradisaea,LC,LC,710
2659,Forster's Tern,Sterna forsteri,LC,LC,690
2664,Elegant Tern,Thalasseus elegans,NT,NT,660
2665,Sandwich Tern,Thalasseus sandvicensis,LC,LC,670
2666,Royal Tern,Thalasseus maximus,LC,LC,650
2668,Long-tailed Jaeger,Stercorarius longicaudus,LC,LC,380
2670,Pomarine Jaeger,Stercorarius pomarinus,LC,LC,360
2675,Rhinoceros Auklet,Cerorhinca monocerata,LC,LC,150
2676,Tufted Puffin,Fratercula cirrhata,LC,LC,120
2678,Horned Puffin,Fratercula corniculata,LC,LC,140
2679,Cassin's Auklet,Ptychoramphus aleuticus,NT,NT,160
2685,Marbled Murrelet,Brachyramphus marmoratus,EN,EN,230
2686,Kittlitz's Murrelet,Brachyramphus brevirostris,NT,NT,240
2687,Black Guillemot,Cepphus grylle,LC,LC,270
2688,Pigeon Guillemot,Cepphus columba,LC,LC,290
2690,Ancient Murrelet,Synthliboramphus antiquus,LC,LC,210
2698,Thick-billed Murre,Uria lomvia,LC,LC,310
2699,Common Murre,Uria aalge,LC,LC,300
2792,Elf Owl,Micrathene whitneyi,LC,LC,3810
2793,Burrowing Owl,Athene cunicularia,LC,LC,3780
2798,Boreal Owl,Aegolius funereus,LC,LC,3710
2864,Short-eared Owl,Asio flammeus,LC,LC,3670
2868,Flammulated Owl,Psiloscops flammeolus,LC,LC,3740
2902,Spotted Owl,Strix occidentalis,NT,NT,3690
2903,Barred Owl,Strix varia,LC,LC,3680
2913,Snowy Owl,Bubo scandiacus,VU,VU,3760
2941,Turkey Vulture,Cathartes aura,LC,LC,3250
2946,California Condor,Gymnogyps californianus,CR,CR,3240
2952,White-tailed Kite,Elanus leucurus,LC,LC,3280
2958,Hook-billed Kite,Chondrohierax uncinatus,LC,LC,3271
2960,Swallow-tailed Kite,Elanoides forficatus,LC,LC,3270
3038,Golden Eagle,Aquila chrysaetos,LC,LC,3490
3067,Northern Harrier,Circus hudsonius,LC,LC,3310
3110,Sharp-shinned Hawk,Accipiter striatus,LC,LC,3320
3111,Cooper's Hawk,Accipiter cooperii,LC,LC,3330
3116,Northern Goshawk,Accipiter gentilis,LC,LC,3340
3130,Bald Eagle,Haliaeetus leucocephalus,LC,LC,3520
3144,Mississippi Kite,Ictinia mississippiensis,LC,LC,3290
3146,Snail Kite,Rostrhamus sociabilis,LC,LC,3300
3149,Harris's Hawk,Parabuteo unicinctus,LC,LC,3350
3162,White-tailed Hawk,Geranoaetus albicaudatus,LC,LC,3410
3175,Red-shouldered Hawk,Buteo lineatus,LC,LC,3390
3176,Broad-winged Hawk,Buteo platypterus,LC,LC,3430
3179,Short-tailed Hawk,Buteo brachyurus,LC,LC,3440
3180,Swainson's Hawk,Buteo swainsoni,LC,LC,3420
3182,Zone-tailed Hawk,Buteo albonotatus,LC,LC,3400
3183,Red-tailed Hawk,Buteo jamaicensis,LC,LC,3370
3186,Ferruginous Hawk,Buteo regalis,LC,LC,3480
3244,Elegant Trogon,Trogon elegans,LC,LC,3890
3432,Ringed Kingfisher,Megaceryle torquata,LC,LC,3901
3433,Belted Kingfisher,Megaceryle alcyon,LC,LC,3900
3437,Green Kingfisher,Chloroceryle americana,LC,LC,3910
3857,Gilded Flicker,Colaptes chrysoides,LC,LC,4140
3887,Pileated Woodpecker,Hylatomus pileatus,LC,LC,4050
3898,Williamson's Sapsucker,Sphyrapicus thyroideus,LC,LC,4040
3899,Yellow-bellied Sapsucker,Sphyrapicus varius,LC,LC,4020
3900,Red-naped Sapsucker,Sphyrapicus nuchalis,LC,LC,4021
3901,Red-breasted Sapsucker,Sphyrapicus ruber,LC,LC,4030
3904,Lewis's Woodpecker,Melanerpes lewis,LC,LC,4080
3907,Red-headed Woodpecker,Melanerpes erythrocephalus,LC,LC,4060
3908,Acorn Woodpecker,Melanerpes formicivorus,LC,LC,4070
3922,Gila Woodpecker,Melanerpes uropygialis,LC,LC,4110
3924,Red-bellied Woodpecker,Melanerpes carolinus,LC,LC,4090
3925,Golden-fronted Woodpecker,Melanerpes aurifrons,LC,LC,4100
3928,Black-backed Woodpecker,Picoides arcticus,LC,LC,4000
3959,Downy Woodpecker,Dryobates pubescens,LC,LC,3940
3960,Ladder-backed Woodpecker,Dryobates scalaris,LC,LC,3960
3961,Nuttall's Woodpecker,Dryobates nuttallii,LC,LC,3970
3962,Hairy Woodpecker,Leuconotopicus villosus,LC,LC,3930
3963,Arizona Woodpecker,Leuconotopicus arizonae,LC,LC,3975
3965,Red-cockaded Woodpecker,Leuconotopicus borealis,NT,NT,3950
3966,White-headed Woodpecker,Leuconotopicus albolarvatus,LC,LC,3990
4006,Crested Caracara,Caracara cheriway,LC,LC,3620
4032,American Kestrel,Falco sparverius,LC,LC,3600
4047,Aplomado Falcon,Falco femoralis,LC,LC,3590
4060,Prairie Falcon,Falco mexicanus,LC,LC,3550
4061,Peregrine Falcon,Falco peregrinus,LC,LC,3560
4116,Monk Parakeet,Myiopsitta monachus,LC,LC,3824
4120,Yellow-chevroned Parakeet,Brotogeris chiriri,LC,LC,52021
4245,Nanday Parakeet,Aratinga nenday,LC,LC,51830
5412,Rose-throated Becard,Pachyramphus aglaiae,LC,LC,4411
5685,Great Kiskadee,Pitangus sulphuratus,LC,LC,4490
5693,Sulphur-bellied Flycatcher,Myiodynastes luteiventris,LC,LC,4510
5709,Tropical Kingbird,Tyrannus melancholicus,LC,LC,4460
5710,Couch's Kingbird,Tyrannus couchii,LC,LC,4461
5711,Cassin's Kingbird,Tyrannus vociferans,LC,LC,4480
5712,Thick-billed Kingbird,Tyrannus crassirostris,LC,LC,4451
5713,Western Kingbird,Tyrannus verticalis,LC,LC,4470
5714,Eastern Kingbird,Tyrannus tyrannus,LC,LC,4440
5718,Scissor-tailed Flycatcher,Tyrannus forficatus,LC,LC,4430
5719,Fork-tailed Flycatcher,Tyrannus savana,LC,LC,4420
5732,Dusky-capped Flycatcher,Myiarchus tuberculifer,LC,LC,4550
5745,Brown-crested Flycatcher,Myiarchus tyrannulus,LC,LC,4530
5748,Ash-throated Flycatcher,Myiarchus cinerascens,LC,LC,4540
5849,Black Phoebe,Sayornis nigricans,LC,LC,4580
5850,Eastern Phoebe,Sayornis phoebe,LC,LC,4560
5851,Say's Phoebe,Sayornis saya,LC,LC,4570
5852,Acadian Flycatcher,Empidonax virescens,LC,LC,4650
5853,Yellow-bellied Flycatcher,Empidonax flaviventris,LC,LC,4630
5855,Pacific-slope Flycatcher,Empidonax difficilis,LC,LC,4641
5856,Cordilleran Flycatcher,Empidonax occidentalis,LC,LC,4640
5858,Willow Flycatcher,Empidonax traillii,LC,LC,4660
5859,Alder Flycatcher,Empidonax alnorum,LC,LC,4661
5860,Buff-breasted Flycatcher,Empidonax fulvifrons,LC,LC,4700
5863,Least Flycatcher,Empidonax minimus,LC,LC,4670
5864,Hammond's Flycatcher,Empidonax hammondii,LC,LC,4680
5867,Olive-sided Flycatcher,Contopus cooperi,NT,NT,4590
5868,Greater Pewee,Contopus pertinax,LC,LC,4600
6374,Philadelphia Vireo,Vireo philadelphicus,LC,LC,6260
6376,Warbling Vireo,Vireo gilvus,LC,LC,6270
6379,Red-eyed Vireo,Vireo olivaceus,LC,LC,6240
6380,Black-whiskered Vireo,Vireo altiloquus,LC,LC,6230
6383,Hutton's Vireo,Vireo huttoni,LC,LC,6320
6384,Yellow-throated Vireo,Vireo flavifrons,LC,LC,6280
6387,Cassin's Vireo,Vireo cassinii,LC,LC,6291
6388,Plumbeous Vireo,Vireo plumbeus,LC,LC,6292
6389,Blue-headed Vireo,Vireo solitarius,LC,LC,6290
6393,Bell's Vireo,Vireo bellii,LC,LC,6330
6396,Black-capped Vireo,Vireo atricapilla,VU,NT,6300
6401,White-eyed Vireo,Vireo griseus,LC,LC,6310
6878,Loggerhead Shrike,Lanius ludovicianus,NT,NT,6220
6935,Black-billed Magpie,Pica hudsonia,LC,LC,4750
6936,Yellow-billed Magpie,Pica nutalli,VU,VU,4760
6937,Clark's Nutcracker,Nucifraga columbiana,LC,LC,4910
6947,Fish Crow,Corvus ossifragus,LC,LC,4900
6955,Common Raven,Corvus corax,LC,LC,4860
6956,Chihuahuan Raven,Corvus cryptoleucus,LC,LC,4870
6961,American Crow,Corvus brachyrhynchos,LC,LC,4880
6995,Pinyon Jay,Gymnorhinus cyanocephalus,VU,VU,4920
6997,Mexican Jay,Aphelocoma wollweberi,LC,LC,4820
7001,Blue Jay,Cyanocitta cristata,LC,LC,4770
7002,Steller's Jay,Cyanocitta stelleri,LC,LC,4780
7010,Green Jay,Cyanocorax yncas,LC,LC,4830
7169,Bridled Titmouse,Baeolophus wollweberi,LC,LC,7340
7170,Tufted Titmouse,Baeolophus bicolor,LC,LC,7310
7171,Black-crested Titmouse,Baeolophus atricristatus,LC,LC,7320
7172,Juniper Titmouse,Baeolophus ridgwayi,LC,LC,7331
7173,Oak Titmouse,Baeolophus inornatus,LC,LC,7330
7188,Carolina Chickadee,Poecile carolinensis,LC,LC,7360
7189,Black-capped Chickadee,Poecile atricapillus,LC,LC,7350
7190,Mountain Chickadee,Poecile gambeli,LC,LC,7380
7191,Mexican Chickadee,Poecile sclateri,LC,LC,7370
7193,Boreal Chickadee,Poecile hudsonicus,LC,LC,7400
7194,Chestnut-backed Chickadee,Poecile rufescens,LC,LC,7410
7305,Horned Lark,Eremophila alpestris,LC,LC,4740
7316,Eurasian Skylark,Alauda arvensis,LC,LC,4730
7671,Cliff Swallow,Petrochelidon pyrrhonota,LC,LC,6120
7672,Cave Swallow,Petrochelidon fulva,LC,LC,6121
7688,Barn Swallow,Hirundo rustica,LC,LC,6130
7709,Tree Swallow,Tachycineta bicolor,LC,LC,6140
7710,Violet-green Swallow,Tachycineta thalassina,LC,LC,6150
7721,Purple Martin,Progne subis,LC,LC,6110
7950,Arctic Warbler,Phylloscopus borealis,LC,LC,7470
8516,Pygmy Nuthatch,Sitta pygmaea,LC,LC,7300
8517,Brown-headed Nuthatch,Sitta pusilla,LC,LC,7290
8523,Red-breasted Nuthatch,Sitta canadensis,LC,LC,7280
8527,White-breasted Nuthatch,Sitta carolinensis,LC,LC,7270
8544,California Gnatcatcher,Polioptila californica,LC,LC,7530
8545,Black-tailed Gnatcatcher,Polioptila melanura,LC,LC,7520
8554,Rock Wren,Salpinctes obsoletus,LC,LC,7150
8559,Canyon Wren,Catherpes mexicanus,LC,LC,7170
8565,Pacific Wren,Troglodytes pacificus,LC,LC,7221
8566,Winter Wren,Troglodytes hiemalis,LC,LC,7222
8569,House Wren,Troglodytes aedon,LC,LC,7210
8579,Sedge Wren,Cistothorus stellaris,LC,LC,7240
8583,Marsh Wren,Cistothorus palustris,LC,LC,7250
8584,Carolina Wren,Thryothorus ludovicianus,LC,LC,7180
8586,Bewick's Wren,Thryomanes bewickii,LC,LC,7190
8599,Cactus Wren,Campylorhynchus brunneicapillus,LC,LC,7130
8621,Sinaloa Wren,Thryophilus sinaloa,LC,LC,16600
8649,American Dipper,Cinclus mexicanus,LC,LC,7010
8673,Common Myna,Acridotheres tristis,LC,LC,4932
8798,Northern Mockingbird,Mimus polyglottos,LC,LC,7030
8801,Bahama Mockingbird,Mimus gundlachii,LC,LC,7031
8806,Sage Thrasher,Oreoscoptes montanus,LC,LC,7020
8807,Curve-billed Thrasher,Toxostoma curvirostre,LC,LC,7070
8809,Brown Thrasher,Toxostoma rufum,LC,LC,7050
8810,Long-billed Thrasher,Toxostoma longirostre,LC,LC,7060
8812,Bendire's Thrasher,Toxostoma bendirei,VU,VU,7080
8814,California Thrasher,Toxostoma redivivum,LC,LC,7100
8815,Crissal Thrasher,Toxostoma crissale,LC,LC,7120
8817,Western Bluebird,Sialia mexicana,LC,LC,7670
8818,Eastern Bluebird,Sialia sialis,LC,LC,7660
8819,Mountain Bluebird,Sialia currucoides,LC,LC,7680
8825,Townsend's Solitaire,Myadestes townsendi,LC,LC,7540
8858,Varied Thrush,Ixoreus naevius,LC,LC,7630
8866,Wood Thrush,Hylocichla mustelina,NT,LC,7550
8867,Swainson's Thrush,Catharus swainsoni,LC,LC,7580
8871,Bicknell's Thrush,Catharus bicknelli,VU,VU,7571
8872,Hermit Thrush,Catharus guttatus,LC,LC,7590
8927,Clay-colored Thrush,Turdus grayi,LC,LC,7621
8945,American Robin,Turdus migratorius,LC,LC,7610
9303,Northern Wheatear,Oenanthe oenanthe,LC,LC,7650
9332,Ruby-crowned Kinglet,Regulus calendula,LC,LC,7490
9333,Golden-crowned Kinglet,Regulus satrapa,LC,LC,7480
9342,Bohemian Waxwing,Bombycilla garrulus,LC,LC,6180
9344,Cedar Waxwing,Bombycilla cedrorum,LC,LC,6190
9589,Olive Warbler,Peucedramus taeniatus,LC,LC,6510
9801,Scaly-breasted Munia,Lonchura punctulata,LC,LC,8110
9857,Pin-tailed Whydah,Vidua macroura,LC,LC,19510
9878,House Sparrow,Passer domesticus,LC,LC,6882
9927,Red-throated Pipit,Anthus cervinus,LC,LC,6990
9937,Sprague's Pipit,Anthus spragueii,VU,VU,7000
9984,White Wagtail,Motacilla alba,LC,LC,6940
10028,Evening Grosbeak,Hesperiphona vespertina,VU,VU,5140
10097,Pine Grosbeak,Pinicola enucleator,LC,LC,5150
10120,House Finch,Haemorhous mexicanus,LC,LC,5190
10121,Cassin's Finch,Haemorhous cassinii,NT,LC,5180
10122,Purple Finch,Haemorhous purpureus,LC,LC,5170
10177,Red Crossbill,Loxia curvirostra,LC,LC,5210
10182,European Goldfinch,Carduelis carduelis,LC,LC,5261
10196,Pine Siskin,Spinus pinus,LC,LC,5330
10197,American Goldfinch,Spinus tristis,LC,LC,5290
10198,Lesser Goldfinch,Spinus psaltria,LC,LC,5300
10199,Lawrence's Goldfinch,Spinus lawrencei,LC,LC,5310
10214,Lapland Longspur,Calcarius lapponicus,LC,LC,5360
10215,Chestnut-collared Longspur,Calcarius ornatus,VU,VU,5380
10216,Smith's Longspur,Calcarius pictus,LC,LC,5370
10218,Snow Bunting,Plectrophenax nivalis,LC,LC,5340
10265,Chipping Sparrow,Spizella passerina,LC,LC,5600
10266,Clay-colored Sparrow,Spizella pallida,LC,LC,5610
10267,Black-chinned Sparrow,Spizella atrogularis,LC,LC,5650
10268,Field Sparrow,Spizella pusilla,LC,LC,5630
10269,Brewer's Sparrow,Spizella breweri,LC,LC,5620
10271,Black-throated Sparrow,Amphispiza bilineata,LC,LC,5730
10273,Lark Sparrow,Chondestes grammacus,LC,LC,5520
10274,Lark Bunting,Calamospiza melanocorys,LC,LC,6050
10278,Rufous-winged Sparrow,Peucaea carpalis,LC,LC,5790
10282,Botteri's Sparrow,Peucaea botterii,LC,LC,5760
10283,Cassin's Sparrow,Peucaea cassinii,LC,LC,5780
10284,Bachman's Sparrow,Peucaea aestivalis,NT,NT,5750
10285,Olive Sparrow,Arremonops rufivirgatus,LC,LC,5860
10289,Grasshopper Sparrow,Ammodramus savannarum,LC,LC,5460
10324,Green-tailed Towhee,Pipilo chlorurus,LC,LC,5900
10325,Spotted Towhee,Pipilo maculatus,LC,LC,5880
10327,Eastern Towhee,Pipilo erythrophthalmus,LC,LC,5870
10367,Canyon Towhee,Melozone fusca,LC,LC,5910
10369,California Towhee,Melozone crissalis,LC,LC,5911
10370,Abert's Towhee,Melozone aberti,LC,LC,5920
10376,Rufous-crowned Sparrow,Aimophila ruficeps,LC,LC,5800
10381,Yellow-eyed Junco,Junco phaeonotus,LC,LC,5700
10384,Harris's Sparrow,Zonotrichia querula,NT,NT,5530
10385,White-throated Sparrow,Zonotrichia albicollis,LC,LC,5580
10386,White-crowned Sparrow,Zonotrichia leucophrys,LC,LC,5540
10387,Golden-crowned Sparrow,Zonotrichia atricapilla,LC,LC,5570
10394,Seaside Sparrow,Ammospiza maritima,LC,LC,5500
10395,Nelson's Sparrow,Ammospiza nelsoni,LC,LC,5491
10396,Saltmarsh Sparrow,Ammospiza caudacuta,EN,EN,5490
10397,Sagebrush Sparrow,Artemisiospiza nevadensis,LC,LC,5738
10398,Bell's Sparrow,Artemisiospiza belli,LC,LC,5739
10399,Vesper Sparrow,Pooecetes gramineus,LC,LC,5400
10401,Savannah Sparrow,Passerculus sandwichensis,LC,LC,5420
10405,Baird's Sparrow,Passerculus bairdii,LC,LC,5450
10406,Henslow's Sparrow,Passerculus henslowii,LC,LC,5470
10408,Song Sparrow,Melospiza melodia,LC,LC,5810
10409,Lincoln's Sparrow,Melospiza lincolnii,LC,LC,5830
10410,Swamp Sparrow,Melospiza georgiana,LC,LC,5840
10414,Yellow-breasted Chat,Icteria virens,LC,LC,6830
10415,Yellow-headed Blackbird,Xanthocephalus xanthocephalus,LC,LC,4970
10417,Western Meadowlark,Sturnella neglecta,LC,LC,5011
10418,Eastern Meadowlark,Sturnella magna,NT,NT,5010
10451,Scott's Oriole,Icterus parisorum,LC,LC,5040
10452,Audubon's Oriole,Icterus graduacauda,LC,LC,5030
10456,Altamira Oriole,Icterus gularis,LC,LC,5031
10458,Baltimore Oriole,Icterus galbula,LC,LC,5070
10460,Bullock's Oriole,Icterus bullockiorum,LC,LC,5080
10463,Spot-breasted Oriole,Icterus pectoralis,LC,LC,5032
10470,Hooded Oriole,Icterus cucullatus,LC,LC,5050
10472,Orchard Oriole,Icterus spurius,LC,LC,5060
10488,Tricolored Blackbird,Agelaius tricolor,EN,EN,5000
10489,Red-winged Blackbird,Agelaius phoeniceus,LC,LC,4980
10493,Shiny Cowbird,Molothrus bonariensis,LC,LC,4961
10494,Brown-headed Cowbird,Molothrus ater,LC,LC,4950
10495,Bronzed Cowbird,Molothrus aeneus,LC,LC,4960
10500,Rusty Blackbird,Euphagus carolinus,VU,VU,5090
10501,Brewer's Blackbird,Euphagus cyanocephalus,LC,LC,5100
10502,Common Grackle,Quiscalus quiscula,NT,NT,5110
10506,Boat-tailed Grackle,Quiscalus major,LC,LC,5130
10507,Great-tailed Grackle,Quiscalus mexicanus,LC,LC,5120
10530,Worm-eating Warbler,Helmitheros vermivorum,LC,LC,6390
10531,Louisiana Waterthrush,Parkesia motacilla,LC,LC,6760
10532,Northern Waterthrush,Parkesia noveboracensis,LC,LC,6750
10534,Golden-winged Warbler,Vermivora chrysoptera,NT,NT,6420
10535,Blue-winged Warbler,Vermivora cyanoptera,LC,LC,6410
10536,Black-and-white Warbler,Mniotilta varia,LC,LC,6360
10537,Prothonotary Warbler,Protonotaria citrea,LC,LC,6370
10538,Swainson's Warbler,Limnothlypis swainsonii,LC,LC,6380
10541,Tennessee Warbler,Leiothlypis peregrina,LC,LC,6470
10542,Orange-crowned Warbler,Leiothlypis celata,LC,LC,6460
10544,Lucy's Warbler,Leiothlypis luciae,LC,LC,6430
10545,Nashville Warbler,Leiothlypis ruficapilla,LC,LC,6450
10546,Virginia's Warbler,Leiothlypis virginiae,LC,LC,6440
10548,Connecticut Warbler,Oporornis agilis,LC,LC,6780
10553,MacGillivray's Warbler,Geothlypis tolmiei,LC,LC,6800
10554,Mourning Warbler,Geothlypis philadelphia,LC,LC,6790
10555,Kentucky Warbler,Geothlypis formosa,LC,LC,6770
10562,Common Yellowthroat,Geothlypis trichas,LC,LC,6810
10568,Hooded Warbler,Setophaga citrina,LC,LC,6840
10569,American Redstart,Setophaga ruticilla,LC,LC,6870
10570,Kirtland's Warbler,Setophaga kirtlandii,NT,NT,6700
10572,Cerulean Warbler,Setophaga cerulea,VU,NT,6580
10573,Northern Parula,Setophaga americana,LC,LC,6480
10574,Tropical Parula,Setophaga pitiayumi,LC,LC,6490
10576,Magnolia Warbler,Setophaga magnolia,LC,LC,6570
10577,Bay-breasted Warbler,Setophaga castanea,LC,LC,6600
10578,Blackburnian Warbler,Setophaga fusca,LC,LC,6620
10580,Chestnut-sided Warbler,Setophaga pensylvanica,LC,LC,6590
10581,Blackpoll Warbler,Setophaga striata,NT,NT,6610
10583,Palm Warbler,Setophaga palmarum,LC,LC,6720
10585,Pine Warbler,Setophaga pinus,LC,LC,6710
10588,Yellow-throated Warbler,Setophaga dominica,LC,LC,6630
10591,Prairie Warbler,Setophaga discolor,LC,LC,6730
10595,Grace's Warbler,Setophaga graciae,LC,LC,6640
10597,Townsend's Warbler,Setophaga townsendi,LC,LC,6680
10598,Hermit Warbler,Setophaga occidentalis,LC,LC,6690
10599,Golden-cheeked Warbler,Setophaga chrysoparia,EN,EN,6660
10633,Canada Warbler,Cardellina canadensis,LC,LC,6860
10634,Wilson's Warbler,Cardellina pusilla,LC,LC,6850
10635,Red-faced Warbler,Cardellina rubrifrons,LC,LC,6900
10670,Rose-breasted Grosbeak,Pheucticus ludovicianus,LC,LC,5950
10671,Black-headed Grosbeak,Pheucticus melanocephalus,LC,LC,5960
10678,Indigo Bunting,Passerina cyanea,LC,LC,5980
10679,Blue Grosbeak,Passerina caerulea,LC,LC,5970
10680,Lazuli Bunting,Passerina amoena,LC,LC,5990
10683,Varied Bunting,Passerina versicolor,LC,LC,6000
10684,Painted Bunting,Passerina ciris,LC,LC,6010
10705,Scarlet Tanager,Piranga olivacea,LC,LC,6080
10706,Summer Tanager,Piranga rubra,LC,LC,6100
10708,Western Tanager,Piranga ludoviciana,LC,LC,6070
10709,Hepatic Tanager,Piranga hepatica,LC,LC,6090
10711,Northern Cardinal,Cardinalis cardinalis,LC,LC,5930
